{"cameraMode":{"drawMode":0,"name":"Shaded","section":"Shading Mode"},"sceneLighting":true,"audioPlay":false,"sceneViewState":{"m_AlwaysRefresh":false,"showFog":true,"showSkybox":true,"showFlares":true,"showImageEffects":true,"showParticleSystems":true,"showVisualEffectGraphs":true,"m_FxEnabled":true},"in2DMode":false,"pivot":{"x":-1.1088851690292359,"y":-1.7892460823059083,"z":0.23917777836322785},"rotation":{"x":-0.32283157110214236,"y":0.6309000253677368,"z":-0.32532644271850588,"w":-0.6260102987289429},"size":2.268160104751587,"orthographic":false}